Zip,Latitude,Longitude
91319,34.032383,-119.1343
92503,33.91355,-117.46052
94211,38.377411,-121.444429
91902,32.663803,-117.02456
95901,39.15973,-121.53735
94156,37.784827,-122.727802
92616,33.640302,-117.769442
96101,41.439363,-120.58771
91802,33.786594,-118.298662
95835,38.664824,-121.52061
90210,34.088808,-118.40612
91030,34.112958,-118.15577
92318,34.048544,-117.23274
92338,34.720285,-116.1982
95939,39.535446,-122.57667
93646,36.623699,-119.30892
91001,34.192102,-118.14206
94592,38.115015,-122.29055
94807,37.777208,-121.955399
95328,37.5596,-120.9141
92192,33.016928,-116.846046
92357,34.839964,-115.967051
90013,34.044662,-118.24255
91340,34.284935,-118.43821
91377,34.182875,-118.76893
92096,33.016928,-116.846046
92801,33.844814,-117.95381
93776,36.746375,-119.639658
91394,33.786594,-118.298662
91798,34.839964,-115.967051
95492,38.54486,-122.80785
95540,40.583488,-124.14367
91308,33.786594,-118.298662
95954,39.888074,-121.59048
92249,32.726931,-115.51245
93445,35.097599,-120.61327
95159,37.189396,-121.705327
92585,33.742936,-117.17432
92066,33.209313,-116.54244
92418,34.839964,-115.967051
92571,33.822068,-117.21514
95487,38.463088,-122.989975
95950,39.070128,-121.8981
94029,37.381144,-122.334825
94303,37.449888,-122.12749
95982,39.16855,-121.76465
93710,36.825582,-119.76358
90011,34.007063,-118.25868
92002,33.198032,-117.234701
92841,33.786915,-117.98224
93711,36.831723,-119.83198
95741,38.377411,-121.444429
95922,39.469943,-121.07321
91017,33.786594,-118.298662
92170,33.016928,-116.846046
92604,33.68762,-117.78852
93102,34.262834,-119.848555
95405,38.438161,-122.67419
93930,36.21106,-121.05986
94597,37.777208,-121.955399
94975,38.463088,-122.989975
95585,39.860285,-123.71685
94803,37.969673,-122.29413
95935,39.381883,-121.21763
95631,39.033312,-120.82172
94230,38.377411,-121.444429
96133,38.651141,-119.49874
92815,33.640302,-117.769442
93644,37.405699,-119.56754
95201,37.672196,-121.298794
94925,37.924242,-122.516
96073,40.562648,-122.2255
96095,40.607134,-122.54626
95559,40.196116,-123.77315
95821,38.623304,-121.38181
95945,39.202725,-121.02076
96120,38.76467,-119.85236
93407,35.347065,-120.455345
93740,36.746375,-119.639658
95208,37.889849,-121.253872
90008,34.009754,-118.33705
91495,33.786594,-118.298662
92521,33.752886,-116.055617
95070,37.270543,-122.02305
95624,38.421068,-121.36059
91365,33.786594,-118.298662
90202,33.786594,-118.298662
95450,38.506229,-123.22938
95947,40.144573,-120.88311
91402,34.223753,-118.44322
92625,33.600172,-117.86823
95961,39.089929,-121.55053
91903,33.016928,-116.846046
94142,37.784827,-122.727802
92823,33.918965,-117.83252
91131,33.786594,-118.298662
92399,34.033564,-117.03776
95957,39.070323,-121.83065
93225,34.815266,-119.00404
94244,38.377411,-121.444429
91410,33.786594,-118.298662
93844,36.746375,-119.639658
90094,33.786594,-118.298662
92683,33.751418,-117.99392
95721,38.823996,-120.05956
91730,34.104555,-117.58734
93190,34.262834,-119.848555
95746,38.743811,-121.19013
92614,33.680408,-117.82592
94024,37.353741,-122.08717
94263,38.377411,-121.444429
96162,39.26599,-120.64145
92168,33.016928,-116.846046
94122,37.75838,-122.48478
94309,37.189396,-121.705327
95528,40.489925,-123.97132
92655,33.745166,-117.98569
93390,35.294405,-118.905173
92564,33.752886,-116.055617
95696,38.34896,-121.908324
96041,40.524496,-123.18307
90079,33.786594,-118.298662
90670,33.933551,-118.06821
90742,33.718167,-118.07179
91436,34.155625,-118.48925
91482,33.786594,-118.298662
91606,34.185698,-118.38836
93518,35.381552,-118.54748
91191,33.786594,-118.298662
92091,32.993541,-117.21311
92211,33.759409,-116.32317
92423,34.839964,-115.967051
92551,33.889035,-117.22046
94017,37.381144,-122.334825
95389,37.699662,-119.67529
96071,40.646417,-121.4418
91376,33.786594,-118.298662
92179,32.572602,-116.918724
94141,37.784827,-122.727802
95351,37.626067,-120.99955
96132,40.921124,-120.62265
96161,39.339574,-120.22805
94562,38.437887,-122.399101
92071,32.84681,-116.98983
95817,38.551106,-121.45996
95833,38.616891,-121.49623
95190,37.189396,-121.705327
94515,38.597907,-122.60952
93218,35.842485,-119.01483
93532,34.676708,-118.45592
94285,38.377411,-121.444429
95303,37.46994,-120.67607
95353,37.60396,-120.937052
90230,33.997179,-118.40145
92270,33.762944,-116.42249
92327,34.866837,-116.86379
95065,37.010322,-121.98523
95689,38.473857,-120.59421
96056,41.114424,-121.332
95385,37.609781,-121.26784
95709,38.748112,-120.67463
94203,38.380456,-121.555406
91031,33.786594,-118.298662
91380,33.786594,-118.298662
94524,37.777208,-121.955399
95712,39.167276,-120.964275
90606,33.978312,-118.06778
93942,36.35433,-121.132928
94110,37.74873,-122.41545
90224,33.786594,-118.298662
90274,33.784099,-118.38752
94915,38.07392,-122.55944
95311,37.74614,-120.15123
95323,37.6194,-120.7141
95131,37.38631,-121.88987
92378,34.839964,-115.967051
95679,38.867147,-122.224813
90711,33.786594,-118.298662
93622,36.800027,-120.57996
90621,33.875714,-117.99404
93012,34.218756,-118.99213
91316,34.168753,-118.51636
92086,33.337152,-116.69355
93922,36.543261,-121.926315
92780,33.741651,-117.82127
92315,34.241295,-116.90328
93552,34.561207,-118.0375
95212,38.038906,-121.24213
95656,38.54723,-120.707891
95324,37.400932,-120.87972
95758,38.406432,-121.43673
91404,33.786594,-118.298662
90091,33.786594,-118.298662
95160,37.189396,-121.705327
93216,35.771876,-119.26984
93388,35.294405,-118.905173
91603,33.786594,-118.298662
91758,34.839964,-115.967051
92083,33.179587,-117.24461
90292,33.976373,-118.45458
90056,33.986212,-118.37099
91356,34.164255,-118.54472
92513,33.752886,-116.055617
92663,33.619221,-117.93087
92832,33.869114,-117.92985
92372,34.44654,-117.63411
90275,33.758216,-118.36425
90022,34.023662,-118.15581
92317,34.245607,-117.23
92589,33.752886,-116.055617
92803,33.640302,-117.769442
96002,40.539302,-122.33279
96023,41.963883,-121.89165
91333,33.786594,-118.298662
91357,33.786594,-118.298662
94138,37.784827,-122.727802
95042,37.189396,-121.705327
95224,38.208553,-120.34876
95676,38.909351,-121.71843
92557,33.957957,-117.24833
92707,33.719118,-117.87143
94956,38.081566,-122.81988
95959,39.299405,-120.95144
91309,33.786594,-118.298662
92197,33.016928,-116.846046
93004,34.278812,-119.16784
94074,37.317278,-122.36526
95211,37.981073,-121.308008
95229,38.110355,-120.45436
96050,41.831947,-122.9206
92281,33.037061,-115.6194
92623,33.686519,-117.830788
94938,38.017617,-122.6943
95044,37.189396,-121.705327
95344,37.378234,-120.617808
95456,39.268774,-123.75568
95111,37.284042,-121.82664
92057,33.240926,-117.29851
93108,34.433687,-119.63184
92567,33.819818,-117.11778
93703,36.767299,-119.765
94661,37.680181,-121.921498
90263,34.035087,-118.70752
92136,32.68342,-117.121913
93274,36.201451,-119.34994
90034,34.03056,-118.39804
94928,38.347174,-122.69537
94999,38.267466,-122.658097
95420,39.365356,-123.80469
93426,35.834919,-120.98093
94022,37.37714,-122.12412
94308,37.381144,-122.334825
91718,33.752886,-116.055617
92339,34.087114,-116.923
92811,33.640302,-117.769442
93654,36.608675,-119.43761
94011,37.381144,-122.334825
94169,37.784827,-122.727802
91617,33.786594,-118.298662
95832,38.464667,-121.49643
95992,39.020133,-121.681345
93708,36.746375,-119.639658
92202,33.752886,-116.055617
95103,37.189396,-121.705327
90270,33.988813,-118.18642
90805,33.865916,-118.18362
93608,36.523482,-120.38428
94558,38.337243,-122.30027
95432,39.103897,-123.64617
95444,38.434663,-122.8689
92808,33.858151,-117.73864
92860,33.925885,-117.55978
90632,33.640302,-117.769442
92038,33.016928,-116.846046
94529,37.777208,-121.955399
90733,33.786594,-118.298662
92285,34.31039,-116.45012
93232,36.138861,-119.894727
90506,33.786594,-118.298662
90807,33.828366,-118.18235
91948,32.875267,-116.42826
92236,33.679872,-116.17656
92506,33.943615,-117.37239
93902,36.35433,-121.132928
94405,37.381144,-122.334825
91204,34.135259,-118.25948
92233,33.131764,-115.51208
92398,34.909491,-116.84058
93642,36.746375,-119.639658
94240,38.377411,-121.444429
95009,37.189396,-121.705327
95674,38.961976,-121.48166
96054,41.285897,-121.16094
93943,36.35433,-121.132928
95697,38.751038,-121.832156
91614,33.786594,-118.298662
96115,41.688163,-120.23924
95651,38.817357,-120.92213
94153,37.784827,-122.727802
95232,38.356552,-120.58318
95257,38.377741,-120.45741
91980,32.588485,-116.63034
90638,33.90213,-118.00966
90608,33.786594,-118.298662
93238,35.784367,-118.43769
93675,36.713181,-119.18327
94023,37.189396,-121.705327
93604,37.364625,-119.51261
90265,34.051056,-118.80768
92555,33.922823,-117.16837
93006,34.032383,-119.1343
95321,37.840248,-120.04541
95978,39.904478,-121.52805
91372,33.786594,-118.298662
91396,33.786594,-118.298662
94245,38.377411,-121.444429
90293,33.957012,-118.44167
95431,38.347913,-122.51753
95914,39.425854,-121.35852
93633,36.734051,-118.958777
94020,37.28842,-122.22457
95119,37.232244,-121.79092
95404,38.457611,-122.69317
95426,38.835146,-122.72234
95452,38.414061,-122.54668
95525,40.907437,-123.88348
95735,38.805745,-120.13213
95570,41.081726,-124.13112
91307,34.197737,-118.64797
92132,32.643703,-117.138414
92416,34.839964,-115.967051
91358,34.032383,-119.1343
91896,33.786594,-118.298662
92652,33.640302,-117.769442
93794,36.746375,-119.639658
95726,38.749713,-120.53386
93032,34.032383,-119.1343
96063,40.371043,-121.58245
94045,37.381144,-122.334825
95305,37.824554,-120.25764
91733,34.05051,-118.04834
95517,38.692808,-120.818771
96160,39.3781,-120.186383
95128,37.316983,-121.93555
91116,33.786594,-118.298662
92517,33.752886,-116.055617
92365,34.896333,-116.63644
94146,37.784827,-122.727802
94165,37.784827,-122.727802
94271,38.377411,-121.444429
92324,34.061931,-117.31995
95120,37.213624,-121.85671
90005,34.058911,-118.30848
95605,38.592155,-121.52805
95130,37.289642,-121.98311
95355,37.673513,-120.95566
95980,39.918503,-121.337404
90086,33.786594,-118.298662
92867,33.811566,-117.82919
96046,40.639108,-123.47525
93265,36.150892,-118.76204
93433,35.120934,-120.61952
93219,35.87368,-119.26362
94703,37.862526,-122.27582
95148,37.330496,-121.79141
92065,33.035844,-116.8513
90003,33.962714,-118.276
90509,33.786594,-118.298662
91423,34.153628,-118.43222
92007,33.026742,-117.27816
95493,39.19607,-122.96649
94155,37.784827,-122.727802
90261,33.895363,-118.37689
91602,34.152476,-118.36841
93237,36.472713,-118.902899
95114,37.189396,-121.705327
95138,37.255915,-121.77536
95203,37.954823,-121.30735
92629,33.475302,-117.70327
92843,33.763033,-117.9355
92635,33.573176,-117.698173
93009,34.356248,-119.146228
93382,35.294405,-118.905173
90001,33.972914,-118.24878
91927,32.701452,-117.002054
92252,34.175926,-116.29137
95338,37.505484,-119.92527
94545,37.635582,-122.10418
95443,39.03276,-122.74082
91384,34.478797,-118.65255
93212,36.085342,-119.5548
93541,37.973204,-119.12029
90067,34.056709,-118.41183
93643,37.232047,-119.52006
91755,34.05471,-118.11823
91917,32.616539,-116.71187
93705,36.786948,-119.82747
94208,38.377411,-121.444429
92273,32.792631,-115.69162
92340,34.839964,-115.967051
92544,33.708843,-116.90948
91747,33.786594,-118.298662
91962,32.773317,-116.49139
93727,36.753177,-119.69703
90049,34.067409,-118.47528
95518,40.881383,-123.984232
95519,40.963482,-124.07286
95984,40.017767,-121.05989
90240,33.958363,-118.11987
91734,33.786594,-118.298662
93007,34.032383,-119.1343
92350,34.839964,-115.967051
95476,38.277147,-122.47058
95824,38.518356,-121.44378
95220,38.200193,-121.23505
95340,37.294648,-120.47474
95407,38.404991,-122.7275
93728,36.758598,-119.81022
92424,34.839964,-115.967051
95319,37.637531,-120.906593
95408,38.463088,-122.989975
95538,41.892473,-124.145734
92033,33.016928,-116.846046
92336,34.125147,-117.45818
93304,35.344209,-119.02225
93650,36.841454,-119.79832
93741,36.746375,-119.639658
94080,37.652857,-122.4301
95325,37.46336,-120.2561
95910,39.465229,-120.84496
90028,34.098859,-118.32745
92134,32.562106,-117.07166
92618,33.659639,-117.73948
93561,35.132673,-118.50781
93784,36.746375,-119.639658
96113,40.158794,-120.18597
92058,33.016928,-116.846046
93651,37.004865,-119.50748
93901,36.665879,-121.65497
95364,38.275328,-119.89619
90075,33.786594,-118.298662
91506,34.169663,-118.32364
94018,37.510085,-122.473404
91977,32.721145,-116.99612
95635,38.919588,-120.90406
95684,38.60766,-120.5937
96059,40.437443,-121.84678
93268,35.162776,-119.4303
95327,37.867243,-120.49157
95379,37.957978,-120.2297
95610,38.696912,-121.27125
92025,33.106862,-117.07077
94627,37.680181,-121.921498
91932,32.579555,-117.11708
92612,33.650813,-117.81771
95227,38.205817,-121.05361
96070,40.735153,-122.1944
91129,33.786594,-118.298662
94012,37.381144,-122.334825
94624,37.680181,-121.921498
95899,38.377411,-121.444429
92308,34.447959,-117.19222
96079,40.686639,-122.334778
91899,33.786594,-118.298662
91768,34.06521,-117.77932
92321,34.254199,-117.17563
96020,40.289788,-121.23263
94660,37.680181,-121.921498
95924,39.26599,-120.64145
96065,40.876184,-121.88975
94709,37.879625,-122.2668
95022,37.32477,-122.184276
92782,33.739571,-117.78618
93715,36.746375,-119.639658
93444,35.032408,-120.49446
95640,38.346132,-120.94516
95461,38.791139,-122.61069
90073,33.786594,-118.298662
95573,40.945039,-123.65806
95951,39.738889,-122.01675
91208,34.189605,-118.22857
96104,41.527226,-120.13826
91331,34.254751,-118.42406
92570,33.784051,-117.29812
92509,33.998751,-117.44695
92624,33.460727,-117.66467
90102,33.786594,-118.298662
93279,36.393615,-119.118982
95136,37.269343,-121.84939
95230,37.959439,-120.82329
92313,34.030714,-117.31174
92651,33.535325,-117.77192
93021,34.292898,-118.87134
95397,37.60396,-120.937052
95940,39.585648,-121.259009
93457,34.836252,-120.53421
94005,37.682882,-122.40422
90623,33.849327,-118.04395
90745,33.823765,-118.2668
92347,34.956205,-117.21994
92374,34.063264,-117.16888
91737,34.147849,-117.57847
93109,34.40323,-119.72069
93921,36.555248,-121.9212
94064,37.381144,-122.334825
94945,38.117065,-122.56316
93926,36.518179,-121.42557
95346,38.079632,-120.16872
94253,38.377411,-121.444429
95161,37.189396,-121.705327
90505,33.810848,-118.35096
95336,37.812815,-121.21416
95923,40.187554,-121.1152
92364,35.46019,-115.49467
94259,38.377411,-121.444429
95008,37.278843,-121.95446
90061,33.923365,-118.27591
91799,33.786594,-118.298662
92692,33.615462,-117.64093
91608,34.139397,-118.35034
94267,38.377411,-121.444429
95173,37.189396,-121.705327
96130,40.474951,-120.67685
95341,37.186872,-120.650351
96092,39.941595,-122.03746
90018,34.029112,-118.3183
92587,33.692876,-117.25038
94960,37.981623,-122.56884
93905,36.681161,-121.61538
91009,33.786594,-118.298662
93220,35.357018,-118.810069
95955,39.283329,-122.20206
92137,32.85377,-117.119744
93280,35.605045,-119.37143
93412,35.347065,-120.455345
94590,38.105219,-122.24571
95368,37.708727,-121.08928
95571,40.322683,-123.92367
95812,38.377411,-121.444429
95864,38.587805,-121.37809
93750,36.746375,-119.639658
92593,33.752886,-116.055617
94296,38.377411,-121.444429
91408,33.786594,-118.298662
95699,38.437001,-120.845706
91615,33.786594,-118.298662
93036,34.22942,-119.178814
93721,36.733193,-119.78473
94502,37.734379,-122.23952
91412,33.786594,-118.298662
91916,32.890384,-116.62459
92678,33.673979,-117.59457
92694,33.570763,-117.63463
93607,36.589797,-119.899405
95685,38.394464,-120.79015
96136,40.283378,-120.12859
90633,33.640302,-117.769442
92850,33.640302,-117.769442
94042,37.189396,-121.705327
95494,38.916201,-123.26509
95335,38.119056,-120.1014
96007,40.45453,-122.31101
90029,34.090259,-118.29455
92064,32.973645,-117.03701
94083,37.381144,-122.334825
92199,32.751575,-117.191848
95502,40.814595,-124.08052
95851,38.377411,-121.444429
93638,36.991476,-119.98729
93962,36.624606,-121.64655
91607,34.165706,-118.39986
95816,38.571661,-121.46827
91345,34.264635,-118.45961
91363,33.786594,-118.298662
91804,33.786594,-118.298662
92799,33.640302,-117.769442
93042,34.113389,-119.112432
94268,38.377411,-121.444429
95053,37.189396,-121.705327
96143,39.241961,-120.02809
93239,36.015318,-120.00772
90016,34.029711,-118.35255
90044,33.953814,-118.29158
90312,33.786594,-118.298662
91311,34.259052,-118.59426
92310,35.262763,-116.69452
92314,34.255388,-116.85442
95390,37.60396,-120.937052
93630,36.722616,-120.10081
94614,37.727739,-122.204573
91740,34.119245,-117.8548
94608,37.834724,-122.28316
95202,37.958723,-121.28805
96076,40.366349,-122.94566
91611,33.786594,-118.298662
92039,33.016928,-116.846046
92140,32.74344,-117.200412
92195,33.016928,-116.846046
93461,35.636185,-120.27185
93531,35.241311,-118.59338
92887,33.883223,-117.73856
93313,35.19766,-119.05698
93628,36.780156,-118.91524
90662,33.786594,-118.298662
91911,32.608799,-117.0607
93160,34.262834,-119.848555
95625,38.35011,-121.90799
96108,41.736074,-120.3778
91526,33.786594,-118.298662
92040,32.873849,-116.90477
90421,34.010328,-118.494107
94274,38.377411,-121.444429
92120,32.794449,-117.07221
94144,37.784827,-122.727802
95109,37.189396,-121.705327
93601,37.388698,-119.72439
94140,37.784827,-122.727802
95010,36.9761,-121.95316
90806,33.801767,-118.1858
91913,32.642486,-116.98973
92263,33.761076,-116.535887
94552,37.69768,-122.02503
94621,37.753978,-122.18969
95307,37.584282,-120.95064
92046,33.016928,-116.846046
96148,39.243877,-120.05437
90403,34.032159,-118.49022
90404,34.026959,-118.47432
93778,36.746375,-119.639658
92232,33.026203,-115.284581
93227,36.357151,-119.425371
93234,36.209815,-120.0847
93529,37.765218,-119.07769
93761,36.746375,-119.639658
94931,38.328614,-122.71044
95322,37.187494,-121.03232
90038,34.089459,-118.3285
90063,34.045161,-118.1865
92709,33.640302,-117.769442
93492,35.372861,-120.859391
94175,37.784827,-122.727802
95592,38.098737,-122.271251
93701,36.749444,-119.78872
94295,38.377411,-121.444429
92693,33.555323,-117.564
93140,34.262834,-119.848555
93255,35.666835,-118.01701
93465,35.54464,-120.72428
94160,37.784827,-122.727802
94164,37.784827,-122.727802
95383,38.055888,-120.23002
95665,38.40097,-120.64952
90301,33.955913,-118.35868
92543,33.73542,-116.97401
92837,33.640302,-117.769442
95965,39.558586,-121.58923
95655,38.558073,-121.28737
91189,33.786594,-118.298662
93099,34.032383,-119.1343
90845,33.786594,-118.298662
92114,32.706954,-117.0542
95692,39.030716,-121.43497
95826,38.550098,-121.37492
93458,34.956344,-120.45243
93215,35.774967,-119.23371
94973,38.007639,-122.63914
93308,35.487491,-119.00896
93611,36.840057,-119.66107
94131,37.741797,-122.4378
94249,38.377411,-121.444429
96062,40.577799,-122.10148
93110,34.439579,-119.76788
95005,37.084347,-122.08524
95337,37.782332,-121.23578
91077,33.786594,-118.298662
92840,33.785166,-117.93406
92583,33.788491,-116.95125
91115,33.786594,-118.298662
94089,37.406289,-122.00838
95134,37.412539,-121.94461
92320,33.984551,-117.03767
92410,34.106965,-117.2975
95373,37.986377,-120.241412
90842,33.786594,-118.298662
92158,33.016928,-116.846046
93207,35.87137,-118.6821
96094,41.460403,-122.38544
93772,36.746375,-119.639658
95064,37.000199,-122.06026
90220,33.890566,-118.23666
95358,37.622898,-121.05181
92553,33.923243,-117.24211
91302,34.133513,-118.66464
92220,33.920803,-116.87897
95637,38.830508,-122.19944
95977,39.19322,-121.28975
96121,40.169038,-120.37815
90065,34.107559,-118.22663
93303,35.294405,-118.905173
93915,36.35433,-121.132928
93925,36.581329,-121.46597
90502,33.833416,-118.29198
92022,33.016928,-116.846046
95318,37.673629,-119.81305
90847,33.786594,-118.298662
92501,33.991181,-117.37074
92539,33.55055,-116.67362
92880,33.903803,-117.60221
92024,33.053092,-117.26855
93035,34.179304,-119.22189
94406,37.381144,-122.334825
94589,38.152068,-122.25074
95240,38.12463,-121.25039
92519,33.752886,-116.055617
93714,36.746375,-119.639658
92610,33.685479,-117.6669
90069,34.090975,-118.3813
95445,38.813417,-123.55762
95482,39.154946,-123.20088
95680,38.232898,-121.568427
90311,33.786594,-118.298662
92346,34.12716,-117.20073
94114,37.758434,-122.43512
95425,38.795668,-122.997
92856,33.640302,-117.769442
95139,37.226194,-121.76514
90095,33.786594,-118.298662
93596,35.294405,-118.905173
94118,37.782029,-122.46158
95365,37.297403,-120.32285
96109,40.030098,-120.11304
90612,33.786594,-118.298662
95255,38.421689,-120.46947
94103,37.772329,-122.41087
95798,38.619545,-121.961532
90630,33.817481,-118.0399
95137,37.189396,-121.705327
90401,34.01491,-118.4922
92657,33.610717,-117.8325
89439,39.523693,-120.03012
90290,34.101447,-118.59933
92684,33.640302,-117.769442
94607,37.806427,-122.28898
95361,37.776528,-120.84756
92615,33.640302,-117.769442
92403,34.839964,-115.967051
90671,33.786594,-118.298662
91305,33.786594,-118.298662
92118,32.682727,-117.17441
93665,36.961248,-120.65439
94991,37.970726,-122.524012
95316,37.552329,-120.78463
95548,41.51823,-124.03075
95927,39.805255,-121.684124
95971,39.957324,-120.98366
93940,36.586193,-121.88667
92284,34.161795,-116.41246
96141,39.093271,-120.16325
97635,41.924974,-120.28989
91313,33.786594,-118.298662
92235,33.752886,-116.055617
91501,34.186755,-118.30153
91978,32.732539,-116.95091
92334,34.839964,-115.967051
92155,32.671602,-117.165665
94162,37.784827,-122.727802
90803,33.761117,-118.12986
94509,37.991571,-121.80207
93501,35.04535,-118.16141
95436,38.495857,-122.90636
95742,38.607756,-121.18367
92261,33.660374,-116.408249
92376,34.109511,-117.37617
94602,37.799727,-122.21211
95437,39.43695,-123.76087
95521,40.867469,-124.07519
95834,38.642805,-121.50466
94579,37.68858,-122.15421
95041,37.050798,-122.0569
95354,37.644481,-120.98043
95633,38.839773,-120.82881
96074,39.878018,-122.57972
93421,35.347065,-120.455345
95132,37.405989,-121.84775
91320,34.175038,-118.93956
92532,33.696543,-117.3247
92705,33.762117,-117.81828
93150,34.262834,-119.848555
95458,39.090421,-122.78972
95972,39.441356,-121.31354
93312,35.39068,-119.18583
93666,36.545749,-119.33907
94708,37.894625,-122.26372
95860,38.377411,-121.444429
93626,37.024461,-119.68496
94601,37.776835,-122.21792
90277,33.828815,-118.38322
91361,34.14348,-118.85608
91776,34.089059,-118.0951
95720,38.771209,-120.26765
95818,38.556576,-121.49285
91785,34.839964,-115.967051
92018,33.016928,-116.846046
94257,38.377411,-121.444429
95554,40.2959,-123.77902
96028,41.056097,-121.49021
90048,34.073759,-118.37376
92408,34.080662,-117.27357
94563,37.878625,-122.18296
95017,37.085986,-122.22638
95250,38.256839,-120.38102
95290,37.953473,-121.285257
94957,38.022322,-122.561689
95334,37.38025,-120.72614
95988,39.499754,-122.20773
92129,32.961014,-117.1251
92414,34.839964,-115.967051
90264,33.786594,-118.298662
91304,34.218654,-118.62538
96064,41.736424,-122.40008
91791,34.063645,-117.89743
93286,36.431121,-119.10642
94139,37.784827,-122.727802
95681,38.997612,-121.37967
96038,41.604392,-122.52666
96156,38.935245,-119.967631
90047,33.958464,-118.30998
91745,34.000578,-117.96943
93252,35.040362,-119.41514
95568,41.455226,-123.47671
92358,34.229288,-117.52082
92531,33.752886,-116.055617
90023,34.023039,-118.20231
92706,33.765916,-117.88139
93613,37.036529,-119.511704
93652,36.600348,-119.90272
90021,34.029313,-118.24182
93435,35.508282,-121.03551
93745,36.746375,-119.639658
90174,33.786594,-118.298662
90307,33.786594,-118.298662
91187,33.786594,-118.298662
91748,33.985012,-117.89705
92352,34.25629,-117.19132
93283,35.614134,-118.27824
94116,37.743381,-122.48578
95587,39.96266,-123.74471
95743,38.377411,-121.444429
91341,33.786594,-118.298662
90012,34.061611,-118.23944
90251,33.786594,-118.298662
90637,33.786594,-118.298662
93603,36.678073,-118.9601
95024,36.85443,-121.411909
91322,33.786594,-118.298662
92515,33.752886,-116.055617
95204,37.974273,-121.3147
95828,38.484747,-121.4024
93647,36.565252,-119.24273
94933,38.012489,-122.68886
90015,34.038993,-118.26516
93275,36.26699,-118.776902
94643,37.680181,-121.921498
94949,38.06317,-122.54111
90296,33.786594,-118.298662
95209,38.035499,-121.34378
95231,37.882742,-121.27978
95314,38.033541,-119.92502
95986,39.340422,-120.79166
91046,33.786594,-118.298662
95678,38.752434,-121.28933
95937,38.931025,-121.94518
96096,40.63446,-121.91202
91110,33.786594,-118.298662
94038,37.52489,-122.50991
90209,33.786594,-118.298662
94177,37.784827,-122.727802
95433,38.313864,-122.513093
91104,34.169356,-118.12392
95471,38.522499,-122.97967
93429,34.842293,-120.5318
93792,36.746375,-119.639658
94278,38.377411,-121.444429
94605,37.763028,-122.16305
95372,37.991855,-120.25829
90231,33.786594,-118.298662
91775,34.114041,-118.09035
91778,33.786594,-118.298662
92368,34.634147,-117.30614
94606,37.793177,-122.24352
95124,37.256743,-121.92312
93024,34.032383,-119.1343
95644,38.463282,-120.550021
96067,41.317771,-122.31207
94044,37.613806,-122.48229
95194,37.189396,-121.705327
94519,37.984271,-122.01437
93067,34.421895,-119.60084
96128,40.34863,-120.4065
95991,39.114138,-121.6196
96053,40.446063,-120.664132
92648,33.673468,-118.00243
90622,33.640302,-117.769442
96129,39.772064,-120.405095
92373,34.034714,-117.17305
94130,37.819423,-122.36966
91795,33.786594,-118.298662
92085,33.016928,-116.846046
94090,37.189396,-121.705327
95453,39.051698,-122.92071
95814,38.580255,-121.49125
96135,40.02349,-120.79861
90834,33.767817,-118.199401
92561,33.632049,-116.55878
92862,33.640302,-117.769442
93960,36.41176,-121.32617
94548,37.972622,-121.665205
95342,37.367315,-120.570634
92886,33.888062,-117.80407
95449,38.955142,-123.08125
95457,38.911393,-122.599
94159,37.784827,-122.727802
94167,37.784827,-122.727802
94617,37.807827,-122.271652
91496,33.786594,-118.298662
92504,33.926315,-117.40937
95634,38.930207,-120.78557
95713,39.092062,-120.93471
96022,40.360583,-122.33544
91106,34.142557,-118.12715
91976,33.016928,-116.846046
90041,34.137557,-118.20765
90248,33.870466,-118.28813
95669,38.480569,-120.86895
94125,37.784827,-122.727802
95531,41.782681,-124.16703
96106,39.743835,-120.58114
94497,37.534736,-122.32588
95254,38.192911,-120.95775
95620,38.427208,-121.81348
95646,38.688329,-120.05516
90004,34.07711,-118.30755
90019,34.048411,-118.34015
90058,34.000219,-118.22605
90185,33.786594,-118.298662
95155,37.189396,-121.705327
95560,40.131417,-123.85855
95944,39.545514,-120.88512
96084,40.871548,-121.98807
92226,33.59869,-114.652517
93505,35.139327,-117.91473
95929,39.731406,-121.801215
91616,33.786594,-118.298662
92335,34.088911,-117.45213
92552,33.752886,-116.055617
93120,34.262834,-119.848555
95442,38.367948,-122.52468
94929,38.246611,-122.95916
95728,39.311156,-120.41039
95830,38.498156,-121.2651
91522,33.786594,-118.298662
91841,33.786594,-118.298662
92326,34.839964,-115.967051
94061,37.463911,-122.23396
90066,34.002011,-118.43083
92833,33.874314,-117.9637
93420,35.119678,-120.55116
95108,37.189396,-121.705327
93093,34.032383,-119.1343
92142,33.016928,-116.846046
94040,37.380207,-122.08787
94538,37.527237,-121.9679
95642,38.359772,-120.75324
94566,37.658898,-121.87149
92242,34.137179,-114.35823
92698,33.640302,-117.769442
94705,37.856926,-122.25084
91771,33.786594,-118.298662
91950,32.670903,-117.09272
92159,33.016928,-116.846046
92586,33.70602,-117.1974
95454,39.745588,-123.5223
95671,38.377411,-121.444429
92174,33.016928,-116.846046
95551,40.659753,-124.22153
94913,38.068036,-122.740988
95853,38.377411,-121.444429
96222,40.385673,-122.279739
91701,34.131659,-117.5924
92899,33.640302,-117.769442
95545,40.281369,-124.08998
92825,33.640302,-117.769442
95388,37.400193,-120.61094
90660,33.989013,-118.08912
91344,34.277648,-118.50047
94706,37.889125,-122.29371
91117,33.786594,-118.298662
92411,34.12051,-117.3176
95717,39.177026,-120.8451
94564,37.997509,-122.29208
91605,34.208142,-118.4011
91102,33.786594,-118.298662
95019,36.935552,-121.77972
90081,33.786594,-118.298662
95125,37.295092,-121.89649
93953,36.59081,-121.9461
95873,38.377411,-121.444429
92037,32.838761,-117.26159
92863,33.640302,-117.769442
95363,37.477477,-121.14555
93516,35.030694,-117.67264
90701,33.867215,-118.08062
91214,34.232003,-118.24753
91990,33.016928,-116.846046
91354,34.445313,-118.55252
92325,34.242567,-117.28654
95815,38.611854,-121.44553
94062,37.444879,-122.26253
90302,33.975263,-118.35558
96051,40.939342,-122.42246
91355,34.406519,-118.56214
92004,33.184028,-116.26597
95632,38.267544,-121.29723
95667,38.724682,-120.79533
96061,40.310324,-121.43316
96145,39.177383,-120.14607
93247,36.201983,-119.08589
94288,38.377411,-121.444429
95141,37.178745,-121.741809
91762,34.057561,-117.66563
93130,34.262834,-119.848555
95941,39.51642,-121.26853
92607,33.640302,-117.769442
92389,35.848556,-116.22627
95465,38.409993,-122.98347
95589,40.033316,-124.02379
95747,38.768829,-121.33629
96116,41.268746,-120.42843
94015,37.682583,-122.48209
94154,37.784827,-122.727802
94576,38.553087,-122.47725
94578,37.703427,-122.128
95054,37.39324,-121.96066
90749,33.786594,-118.298662
92556,33.752886,-116.055617
93266,36.177361,-119.82042
91772,33.786594,-118.298662
93276,35.305512,-119.38925
94137,37.784827,-122.727802
94513,37.932123,-121.70381
95006,37.151813,-122.13679
90802,33.769018,-118.19225
91521,33.786594,-118.298662
92164,33.016928,-116.846046
92404,34.14856,-117.26298
93118,34.262834,-119.848555
90213,33.786594,-118.298662
91175,33.786594,-118.298662
95919,39.453457,-121.26543
93272,36.059363,-119.32025
92051,33.016928,-116.846046
92333,34.268344,-116.93842
92596,33.653216,-117.07986
92877,33.752886,-116.055617
94512,38.159894,-121.84195
95763,38.377411,-121.444429
93702,36.741199,-119.7553
91723,34.085809,-117.88694
92838,33.640302,-117.769442
94521,37.957772,-121.97709
94966,38.068036,-122.740988
95193,37.189396,-121.705327
93206,35.37825,-119.41664
93455,34.87455,-120.42806
94087,37.350091,-122.03602
90510,33.786594,-118.298662
91405,34.199704,-118.44724
95690,38.240477,-121.56507
95865,38.377411,-121.444429
94555,37.571581,-122.0509
95852,38.377411,-121.444429
96075,40.338253,-121.84025
90744,33.784018,-118.25897
94014,37.699182,-122.45035
94952,38.243734,-122.69345
91385,33.786594,-118.298662
93031,34.032383,-119.1343
93210,36.194736,-120.30865
94402,37.551586,-122.32773
92013,33.016928,-116.846046
95666,38.529753,-120.41411
92244,32.79475,-115.692714
95401,38.440111,-122.74563
95418,39.213324,-123.277143
94003,37.381144,-122.334825
95045,36.829052,-121.52848
91403,34.152513,-118.46396
91963,32.620782,-116.60671
93563,34.394253,-117.69475
93670,36.471833,-119.259352
95473,38.325851,-122.505846
96117,40.446122,-120.35776
90272,34.050505,-118.53374
93305,35.387058,-118.98647
94280,38.377411,-121.444429
94930,37.98779,-122.59962
94972,38.335515,-122.9392
92124,32.822815,-117.09844
95903,39.125997,-121.36637
91395,33.786594,-118.298662
94010,37.574936,-122.36332
94252,38.377411,-121.444429
90407,33.786594,-118.298662
92871,33.640302,-117.769442
94117,37.770937,-122.44276
90267,33.786594,-118.298662
95562,40.494813,-124.11637
93030,34.21707,-119.1769
92256,34.066626,-116.55951
92286,34.180251,-116.350003
91330,33.786594,-118.298662
92030,33.016928,-116.846046
93202,36.311439,-119.70823
93555,35.599177,-117.68065
96003,40.641389,-122.34206
94575,37.777208,-121.955399
92822,33.640302,-117.769442
95228,37.942532,-120.65786
91107,34.151066,-118.08974
90266,33.88898,-118.40535
91359,34.032383,-119.1343
92201,33.715271,-116.235
93716,36.746375,-119.639658
95654,38.463282,-120.550021
91182,33.786594,-118.298662
92101,32.719601,-117.16246
95973,39.793465,-121.87946
91346,33.786594,-118.298662
92590,33.479467,-117.20933
94002,37.516687,-122.29026
91328,33.786594,-118.298662
93262,36.596251,-118.73425
92031,34.587473,-117.406293
92307,34.538622,-117.17729
92619,33.66985,-117.765939
92123,32.803799,-117.13595
96025,41.221077,-122.28003
93718,36.746375,-119.639658
92882,33.866555,-117.59167
92341,34.241477,-117.07449
94950,38.054433,-122.77762
95703,38.995732,-120.99703
90601,34.002333,-118.03562
93549,36.228484,-117.97084
90721,33.640302,-117.769442
92804,33.818165,-117.97304
93306,35.396411,-118.92268
90280,33.944264,-118.1949
95823,38.477508,-121.44561
94172,37.784827,-122.727802
95932,39.254875,-122.04572
92222,32.782242,-114.561905
93116,34.262834,-119.848555
91743,34.066655,-117.58831
93040,34.424363,-118.73908
95304,37.889849,-121.253872
96034,41.441194,-122.64688
92193,33.016928,-116.846046
95357,37.667196,-120.9061
95380,37.48858,-120.85196
95913,39.633265,-122.21009
96089,40.657893,-122.427333
91505,34.166906,-118.34366
92584,33.66035,-117.18987
95421,38.562843,-123.16785
95840,38.377411,-121.444429
94299,38.377411,-121.444429
95076,36.922902,-121.77224
95196,37.189396,-121.705327
95543,41.888557,-123.80079
91915,32.638072,-116.95195
93706,36.691036,-119.83321
90242,33.92018,-118.14291
94953,38.463088,-122.989975
95382,37.523901,-120.8516
90054,33.786594,-118.298662
91756,33.786594,-118.298662
93726,36.795249,-119.76293
93779,36.746375,-119.639658
94104,37.791728,-122.4019
90661,33.786594,-118.298662
91760,33.752886,-116.055617
93661,37.186872,-120.650351
94205,38.377411,-121.444429
93260,35.846291,-118.63298
93515,36.626033,-117.218616
92117,32.823865,-117.19966
92280,34.143497,-114.62411
93924,36.447533,-121.68611
95724,39.26599,-120.64145
95151,37.187349,-121.75722
90082,33.786594,-118.298662
92069,33.144908,-117.17128
92864,33.640302,-117.769442
94804,37.926509,-122.3408
90025,34.045006,-118.44527
91773,34.103341,-117.81814
93287,35.702936,-118.8844
95931,39.169245,-122.290204
96150,38.908741,-120.00992
91326,34.276154,-118.54581
95419,38.424554,-122.96067
95686,38.228976,-121.44032
90740,33.759283,-118.08239
90879,33.769667,-118.313405
94237,38.377411,-121.444429
92690,33.640302,-117.769442
95603,38.909605,-121.07971
95627,38.744062,-121.99929
96021,39.918271,-122.21393
93437,34.73489,-120.53467
94041,37.38949,-122.07846
94710,37.869976,-122.2981
92546,33.752886,-116.055617
92802,33.806965,-117.92594
94805,37.941824,-122.32553
92110,32.766482,-117.20077
95226,38.229515,-120.86341
90731,33.732368,-118.28905
91101,34.146607,-118.1391
92305,34.172474,-116.87593
91508,33.786594,-118.298662
91921,33.016928,-116.846046
92516,33.752886,-116.055617
93774,36.746375,-119.639658
94534,38.245844,-122.101917
90755,33.801783,-118.168691
90810,33.816217,-118.21495
92505,33.921765,-117.48812
94965,37.855527,-122.49949
91801,34.090409,-118.127
92225,33.628333,-114.61905
92420,34.839964,-115.967051
93933,36.678155,-121.79724
94037,37.539839,-122.50819
95628,38.654803,-121.26529
90030,33.786594,-118.298662
90103,33.786594,-118.298662
90278,33.871214,-118.37177
93544,34.493392,-117.77444
94820,37.777208,-121.955399
95970,39.415041,-122.02487
92090,33.016928,-116.846046
92354,34.050764,-117.25327
93526,36.851729,-118.20743
93660,36.600172,-120.15338
90050,33.786594,-118.298662
95485,39.172397,-122.90474
95837,38.700244,-121.60207
96093,40.734483,-122.93982
91301,34.139536,-118.7607
90007,34.026448,-118.2829
92278,34.360235,-116.20964
92371,34.453465,-117.53392
95691,38.569193,-121.54496
95736,39.01004,-120.97814
95949,39.13255,-121.0981
94102,37.779329,-122.41915
92591,33.52775,-117.12056
94573,38.466508,-122.414189
94920,37.892476,-122.47541
96086,41.86235,-123.24091
91188,33.786594,-118.298662
93637,36.914819,-120.15817
94626,37.819314,-122.303136
95219,38.004922,-121.40022
95267,37.889849,-121.253872
94516,37.777208,-121.955399
95430,38.449265,-123.05495
90204,33.944714,-118.356908
90804,33.783467,-118.15182
92054,33.202463,-117.36077
92223,33.945265,-116.9759
92582,33.796153,-117.00046
93653,37.236305,-119.92498
96031,41.228397,-123.20187
93405,35.277189,-120.70305
94903,38.019022,-122.54589
90083,33.786594,-118.298662
95836,38.707236,-121.54983
92356,34.481229,-116.90601
95374,37.322619,-120.88299
95542,40.0985,-123.80654
90848,33.786594,-118.298662
91790,34.068059,-117.93835
92128,32.998855,-117.07054
94522,37.777208,-121.955399
94587,37.592184,-122.04577
95448,38.614088,-122.87626
95925,39.466279,-121.20936
96048,40.850776,-122.92043
92602,33.73297,-117.76932
92677,33.531938,-117.7025
93282,36.12763,-119.52202
95067,37.05297,-121.949418
94536,37.562218,-121.99433
95693,38.382367,-121.23708
91306,34.209407,-118.57735
92154,32.574398,-117.05633
92606,33.695576,-117.80588
90398,33.786594,-118.298662
93621,36.774951,-119.13779
95003,36.979333,-121.8944
94250,38.377411,-121.444429
95056,37.189396,-121.705327
93452,35.664386,-121.21965
95015,37.189396,-121.705327
95133,37.37354,-121.85784
95687,38.34401,-121.95333
95799,38.619545,-121.961532
92549,33.750795,-116.72562
93005,34.032383,-119.1343
96068,41.102891,-121.19828
93517,38.21053,-119.31968
95345,37.576262,-119.94865
94850,37.777208,-121.955399
91724,34.088771,-117.85817
95912,38.97159,-122.02725
90808,33.823316,-118.11329
91792,34.020711,-117.89932
95213,37.904777,-121.226782
94530,37.917774,-122.30426
94559,38.291164,-122.28671
95524,40.822884,-124.06711
94066,37.625908,-122.42363
95164,37.189396,-121.705327
92670,33.870714,-117.879342
92881,33.839516,-117.53581
93325,34.819232,-119.000391
94150,37.784827,-122.727802
95172,37.189396,-121.705327
96126,39.560357,-120.35662
91025,33.786594,-118.298662
92074,33.016928,-116.846046
93226,35.727428,-118.72424
93912,36.35433,-121.132928
90024,34.063209,-118.43643
91222,33.786594,-118.298662
91935,32.718186,-116.82606
95191,37.189396,-121.705327
94290,38.377411,-121.444429
92845,33.782916,-118.02619
95661,38.731976,-121.2531
93624,36.40263,-120.12855
92835,33.903164,-117.91224
92182,32.775088,-117.076176
93408,35.347065,-120.455345
93556,35.294405,-118.905173
92878,33.752886,-116.055617
93254,34.956385,-119.74696
95825,38.594205,-121.40726
91604,34.143856,-118.39429
92522,33.752886,-116.055617
90055,33.786594,-118.298662
94568,37.714179,-121.92567
94707,37.894625,-122.27917
96152,38.927149,-119.999032
94560,37.535586,-122.03362
95843,38.716874,-121.3698
95953,39.25209,-121.69439
91343,34.239503,-118.48224
94112,37.720931,-122.44241
95672,38.71203,-121.0023
93634,37.237216,-119.23304
95077,37.05297,-121.949418
93285,35.714118,-118.48416
90064,34.03457,-118.42843
94301,37.443688,-122.15071
94922,38.345572,-122.96676
96137,40.290007,-121.05272
91108,34.122658,-118.11296
92115,32.7603,-117.07031
95075,36.761702,-121.274795
90607,33.786594,-118.298662
92260,33.715672,-116.38496
93217,35.89151,-119.263225
92397,34.35876,-117.62752
91185,33.786594,-118.298662
91601,34.168206,-118.37246
92402,34.21392,-117.127166
94298,38.377411,-121.444429
92055,33.016928,-116.846046
93258,36.033126,-119.007265
93662,36.566779,-119.62201
95650,38.817508,-121.17225
90715,33.840965,-118.07775
91497,33.786594,-118.298662
92415,34.839964,-115.967051
92309,35.27295,-116.06504
90010,34.062709,-118.31481
93401,35.262548,-120.65196
95822,38.51394,-121.49201
93224,35.202535,-119.56093
95621,38.695252,-121.3081
95206,37.922024,-121.3025
94954,38.243299,-122.6069
91382,33.786594,-118.298662
95360,37.312014,-121.0314
93430,35.459347,-120.88947
92332,35.00224,-115.23936
92502,33.752886,-116.055617
95619,38.689067,-120.82071
95976,39.723898,-121.572986
90223,33.786594,-118.298662
92070,33.166768,-116.71061
95967,39.723898,-121.572986
95312,37.420143,-120.66525
92259,32.722049,-115.95998
94947,38.098221,-122.59809
95549,40.691578,-123.87189
92113,32.697402,-117.12001
93602,37.077273,-119.42982
90046,34.098908,-118.36241
95659,38.868919,-121.56398
90747,33.867138,-118.253825
91393,33.786594,-118.298662
94620,37.680181,-121.921498
91121,33.786594,-118.298662
92234,33.807761,-116.46473
93199,34.262834,-119.848555
94623,37.680181,-121.921498
94508,38.568307,-122.45084
91337,33.786594,-118.298662
91387,34.421537,-118.419181
91499,33.786594,-118.298662
91722,34.097708,-117.90698
90232,34.021611,-118.39168
95157,37.189396,-121.705327
96088,40.504853,-121.83501
95352,37.60396,-120.937052
95377,37.72374,-121.447131
95698,38.782731,-121.89811
92679,33.639227,-117.58518
90009,33.786594,-118.298662
96014,41.32211,-122.81535
92029,33.087868,-117.11558
94289,38.377411,-121.444429
95403,38.480494,-122.74976
96011,41.027553,-121.91847
91709,33.975267,-117.72305
94132,37.724231,-122.47958
94236,38.377411,-121.444429
95501,40.793739,-124.16102
93955,36.615813,-121.83461
95968,39.434644,-121.55043
95140,37.388718,-121.63845
92536,33.485978,-116.82004
93222,34.850984,-119.16626
94124,37.732797,-122.39348
92672,33.427078,-117.61401
95376,37.728417,-121.42399
94206,38.377411,-121.444429
95614,38.880294,-120.97426
93043,34.162124,-119.207364
93201,35.889586,-119.49352
94583,37.75735,-121.95213
91383,33.786594,-118.298662
92728,33.640302,-117.769442
93627,36.523726,-120.10669
93928,36.015388,-121.24839
94955,38.463088,-122.989975
95618,38.546306,-121.68682
90241,33.942289,-118.12901
95841,38.66152,-121.34361
95310,38.060956,-120.39216
95343,37.186872,-120.650351
95547,40.546202,-124.08412
93307,35.324767,-118.96329
95356,37.704138,-121.02187
90212,34.060859,-118.40191
93001,34.311203,-119.30164
95765,38.817993,-121.2631
93384,35.294405,-118.905173
95366,37.742895,-121.12546
94067,37.381144,-122.334825
95645,38.851198,-121.73354
96024,40.606673,-122.92335
95112,37.348541,-121.88627
93292,36.358928,-119.24027
93599,33.786594,-118.298662
91043,33.786594,-118.298662
93669,37.284459,-119.53472
92879,33.8808,-117.54068
94209,38.377411,-121.444429
91507,33.786594,-118.298662
90714,33.851215,-118.1339
93263,35.490517,-119.26495
92311,34.894181,-117.03636
92173,32.556264,-117.05057
90707,33.786594,-118.298662
91979,33.016928,-116.846046
93014,34.262834,-119.848555
90027,34.111208,-118.28842
91945,32.733451,-117.0337
95415,39.026811,-123.38621
91941,32.761801,-117.01273
92518,33.891084,-117.2726
90042,34.114558,-118.19233
90068,34.122058,-118.3379
90294,33.786594,-118.298662
93434,34.958896,-120.58014
93620,37.029613,-120.64014
95813,38.377411,-121.444429
95969,39.750422,-121.61026
93438,34.262834,-119.848555
95004,36.885056,-121.63082
91510,33.786594,-118.298662
92656,33.581533,-117.72474
93250,35.670747,-119.21336
94701,37.860576,-122.29673
95694,38.537434,-121.97757
95018,37.057708,-122.05967
92023,33.016928,-116.846046
94143,37.76313,-122.458582
92405,34.141659,-117.29722
92301,34.641695,-117.50803
94574,38.511241,-122.45695
95439,38.494643,-122.77226
96049,40.709783,-122.311628
94649,37.680181,-121.921498
95014,37.317909,-122.04779
95021,36.986148,-121.497349
92337,34.046992,-117.481
93062,34.032383,-119.1343
91708,34.839964,-115.967051
95829,38.476196,-121.34715
93410,35.347065,-120.455345
96008,40.732501,-122.11264
93442,35.373047,-120.83844
96122,39.801047,-120.48359
95156,37.189396,-121.705327
94553,37.998912,-122.11501
92191,33.016928,-116.846046
95012,36.768856,-121.75105
95534,40.733552,-123.944021
95974,39.496465,-121.74712
93463,34.608938,-120.13838
91051,33.786594,-118.298662
91186,33.786594,-118.298662
92190,33.016928,-116.846046
92806,33.835465,-117.87362
92149,33.016928,-116.846046
92375,34.839964,-115.967051
92816,33.640302,-117.769442
93771,36.746375,-119.639658
91426,33.786594,-118.298662
90245,33.921313,-118.40843
90071,34.052709,-118.2559
93015,34.396646,-118.90082
92384,35.947562,-116.27037
94287,38.377411,-121.444429
92627,33.647028,-117.91506
92072,33.016928,-116.846046
94065,37.533538,-122.24602
93249,35.689717,-119.91961
93551,34.606146,-118.18495
93664,37.103957,-119.2644
95121,37.305714,-121.81145
95348,37.342056,-120.50154
95563,40.89197,-123.56149
95652,38.666653,-121.389613
94306,37.419389,-122.13273
95759,38.377411,-121.444429
93550,34.56548,-118.08549
91761,34.036085,-117.6086
93278,36.126621,-118.819365
93309,35.340759,-119.06497
95052,37.189396,-121.705327
92628,33.640302,-117.769442
93245,36.312075,-119.80349
95409,38.460594,-122.6422
94134,37.719581,-122.41085
92649,33.720017,-118.04614
95956,39.93935,-121.06047
91327,33.786594,-118.298662
92322,34.839964,-115.967051
93590,33.786594,-118.298662
94282,38.377411,-121.444429
91207,34.165373,-118.24532
95488,39.727052,-123.79238
95934,40.074042,-120.93973
93251,35.364749,-119.70242
95466,39.089273,-123.50186
95462,38.471368,-123.01469
93534,34.698696,-118.15015
94937,38.099205,-122.87751
95142,37.189396,-121.705327
95248,38.325626,-120.485154
90720,33.794028,-118.07218
94612,37.809427,-122.27172
90077,34.101007,-118.45077
93512,37.583838,-118.23615
94978,38.068036,-122.740988
90051,33.786594,-118.298662
91226,33.786594,-118.298662
92052,33.016928,-116.846046
94030,37.600735,-122.40135
93640,36.701905,-120.42801
95150,37.189396,-121.705327
93106,34.432896,-119.837072
94123,37.801028,-122.43836
95110,37.335545,-121.89877
91943,33.016928,-116.846046
90052,33.786594,-118.298662
91390,34.490004,-118.300826
93044,34.032383,-119.1343
96091,41.004651,-122.71541
95043,36.504586,-121.01515
92413,34.839964,-115.967051
93003,34.268736,-119.2249
94248,38.377411,-121.444429
95205,37.962873,-121.26401
95347,37.805371,-120.375945
95567,41.949739,-124.15098
93271,36.431565,-118.86296
91739,34.127819,-117.5246
92563,33.571185,-117.15362
91752,34.001846,-117.52759
91910,32.638654,-117.06686
90233,33.786594,-118.298662
94806,37.972623,-122.33873
94963,38.012082,-122.66389
95867,38.377411,-121.444429
90602,33.967562,-118.03384
91765,34.004172,-117.81673
92241,33.904371,-116.38634
92175,33.016928,-116.846046
95960,39.396152,-121.08227
93729,36.746375,-119.639658
90006,34.048351,-118.2943
93277,36.311,-119.32637
94951,38.314531,-122.66097
93615,36.506019,-119.2866
91769,33.786594,-118.298662
92401,34.105079,-117.29075
92846,33.640302,-117.769442
94561,37.992124,-121.71328
94974,38.068036,-122.740988
96111,39.392752,-120.021212
90835,33.767817,-118.199401
95715,39.277658,-120.7067
92812,33.640302,-117.769442
93383,35.294405,-118.905173
93536,34.728857,-118.32683
94570,37.777208,-121.955399
91710,34.015963,-117.68737
92068,33.016928,-116.846046
94119,37.784827,-122.727802
91784,34.138575,-117.66356
90411,33.786594,-118.298662
93755,36.746375,-119.639658
92673,33.462927,-117.62414
92605,33.640302,-117.769442
93449,35.150886,-120.65401
92019,32.788736,-116.90487
92177,33.016928,-116.846046
92257,33.330929,-115.61583
95062,36.9707,-121.99086
95820,38.535795,-121.44663
90604,33.929163,-118.009
96057,41.263103,-122.10297
91021,33.786594,-118.298662
94028,37.374421,-122.213
94243,38.377411,-121.444429
96078,40.12517,-122.204141
93243,34.851405,-118.87993
94027,37.458615,-122.20009
94939,37.936151,-122.5355
90680,33.803565,-117.99596
92165,33.016928,-116.846046
92176,33.016928,-116.846046
92407,34.198189,-117.35826
92660,33.634821,-117.87453
90221,33.893265,-118.204
94229,38.377411,-121.444429
95032,37.241193,-121.9534
93020,34.032383,-119.1343
93553,34.487552,-117.89885
90703,33.868314,-118.06754
90813,33.781011,-118.19197
96134,41.874847,-121.43738
93954,36.126393,-120.91784
92548,33.749656,-117.11706
93760,36.746375,-119.639658
94591,38.099119,-122.21035
90020,34.06646,-118.30863
93657,36.72845,-119.53571
94542,37.657381,-122.05076
94611,37.827126,-122.22289
96019,40.682393,-122.36824
95993,39.109272,-121.68033
90503,33.840264,-118.35587
91504,34.201254,-118.32993
92842,33.640302,-117.769442
96090,40.024337,-122.12378
96157,38.934409,-119.976707
93441,34.709973,-120.09201
93906,36.709717,-121.63997
94901,37.972423,-122.51484
93010,34.231754,-119.05258
93022,34.401466,-119.30082
94043,37.40679,-122.07461
96099,40.704337,-122.387808
94026,37.381144,-122.334825
90603,33.941363,-117.99477
93111,34.443529,-119.80297
93387,35.294405,-118.905173
93908,36.619954,-121.65145
94135,37.784827,-122.727802
94537,37.680181,-121.921498
90057,34.061911,-118.27687
90250,33.914614,-118.35092
90304,33.936163,-118.36076
95233,38.186102,-120.36328
92126,32.914346,-117.14116
90093,33.786594,-118.298662
93618,36.538017,-119.38887
90831,33.767817,-118.199401
91789,34.018361,-117.85438
95522,40.878317,-124.075673
95623,38.639643,-120.84556
94059,37.381144,-122.334825
92239,33.830029,-115.40124
92650,33.640302,-117.769442
91042,34.256952,-118.28453
95526,40.413386,-123.53267
95153,37.216184,-121.743632
95221,38.077,-120.55401
92250,32.800259,-115.35369
92821,33.923463,-117.89559
94598,37.91878,-122.02618
92254,33.543836,-115.99404
94133,37.801878,-122.41018
90732,33.736718,-118.31123
90043,33.987463,-118.334
95966,39.491076,-121.49468
95564,40.79348,-124.19929
92674,33.438428,-117.623131
91914,32.662563,-116.95413
92131,32.918035,-117.08438
93581,35.294405,-118.905173
93648,36.61365,-119.52873
95435,39.00686,-122.859625
93775,36.746375,-119.639658
93777,36.746375,-119.639658
94108,37.792678,-122.40793
95451,38.939725,-122.78548
95658,38.87672,-121.14213
96146,39.180983,-120.21804
93436,34.639682,-120.4471
91392,33.786594,-118.298662
92020,32.7991,-116.97334
93888,36.746375,-119.639658
91399,33.786594,-118.298662
93504,35.187133,-117.885359
93786,36.746375,-119.639658
92701,33.747017,-117.86248
95611,38.377411,-121.444429
93270,35.94901,-119.03742
90033,34.050411,-118.21195
91780,34.101608,-118.05606
93453,35.323098,-120.08301
92169,33.016928,-116.846046
90833,33.767817,-118.199401
92084,33.213309,-117.21474
95459,38.996389,-123.66468
92680,33.792124,-117.993561
90651,33.786594,-118.298662
92108,32.7736,-117.13785
95608,38.628371,-121.32702
92203,33.75307,-116.24688
92266,33.387467,-114.71352
94420,37.562385,-122.251078
95615,38.333568,-121.54853
95981,39.584801,-121.08762
92277,34.165696,-116.03343
95237,38.162818,-121.14855
93527,35.734418,-117.89313
96044,41.925752,-122.52253
91523,33.786594,-118.298662
92870,33.883314,-117.85446
94284,38.377411,-121.444429
95253,38.114669,-121.203656
92009,33.097841,-117.26744
92268,34.203249,-116.56565
95152,37.189396,-121.705327
95638,38.317665,-121.16166
91381,34.384663,-118.58704
92385,34.839964,-115.967051
92831,33.878981,-117.89325
93523,35.044352,-117.8578
93790,36.746375,-119.639658
91010,34.137707,-117.96569
94510,38.071769,-122.15517
95537,40.725444,-124.21697
95664,38.811695,-121.02427
91746,34.046889,-117.98464
93389,35.294405,-118.905173
94577,37.722279,-122.15702
95486,38.464487,-123.037996
95553,40.210793,-123.86447
96140,39.223151,-120.08627
93765,36.746375,-119.639658
94571,38.156909,-121.72075
93793,36.746375,-119.639658
94107,37.766529,-122.39577
92139,32.677286,-117.05241
94098,37.381144,-122.334825
94088,37.189396,-121.705327
95378,37.889849,-121.253872
95511,40.169518,-123.60216
90101,33.786594,-118.298662
90846,33.824918,-118.150352
91946,33.016928,-116.846046
92885,33.640302,-117.769442
96016,40.929301,-121.55711
96032,41.615475,-122.87744
91416,33.786594,-118.298662
92102,32.714992,-117.12537
93261,35.801627,-119.11699
93528,35.366197,-117.63618
94305,37.427039,-122.16496
95123,37.244426,-121.83246
93230,36.327063,-119.6451
93673,36.455501,-119.48495
94273,38.377411,-121.444429
91066,33.786594,-118.298662
91325,34.235055,-118.51766
92328,35.945641,-117.20296
96037,41.53101,-122.95666
92427,34.262243,-116.861506
93011,34.032383,-119.1343
94232,38.377411,-121.444429
95225,38.183288,-120.89487
95556,41.300573,-123.54411
93311,35.200467,-119.17399
95406,38.459575,-122.715654
95663,38.859227,-121.17565
93725,36.658599,-119.74097
95222,38.087437,-120.58072
91711,34.110009,-117.71973
95170,37.189396,-121.705327
90748,33.786594,-118.298662
91609,33.786594,-118.298662
90844,33.786594,-118.298662
91503,33.786594,-118.298662
90704,33.368642,-118.40835
91987,33.016928,-116.846046
92592,33.495343,-117.07657
94035,37.189396,-121.705327
94625,37.803927,-122.319655
90809,33.786594,-118.298662
91931,32.852086,-116.55559
95030,37.228594,-121.98396
91310,33.786594,-118.298662
91735,33.786594,-118.298662
94533,38.269582,-122.03701
95381,37.60396,-120.937052
94501,37.769528,-122.25937
95330,37.816876,-121.28541
90840,33.784266,-118.115698
91803,34.072959,-118.1462
93464,34.674436,-120.111465
94557,37.680181,-121.921498
91908,33.016928,-116.846046
95630,38.672127,-121.15783
93460,34.626931,-120.0661
92088,33.016928,-116.846046
92708,33.708618,-117.95629
94518,37.954122,-122.02506
92562,33.568617,-117.25264
92603,33.648871,-117.764637
90815,33.795049,-118.11824
91714,33.786594,-118.298662
95416,38.463088,-122.989975
94801,37.941424,-122.36628
95979,39.331444,-122.47943
96033,40.736679,-122.61121
95422,38.956206,-122.63523
96114,40.295652,-120.51775
91407,33.786594,-118.298662
92210,33.70129,-116.34148
93203,35.161923,-118.84655
94525,38.05282,-122.2234
90303,33.934164,-118.33255
90305,33.960263,-118.3252
90609,33.786594,-118.298662
92184,33.016928,-116.846046
92836,33.640302,-117.769442
94517,37.923523,-121.91172
96001,40.56816,-122.41519
92345,34.399992,-117.33999
93709,36.746375,-119.639658
94407,37.381144,-122.334825
95555,41.296122,-124.05351
92056,33.195354,-117.28232
93454,34.900809,-120.34876
95126,37.326341,-121.9178
93241,35.256873,-118.91325
95771,40.036998,-121.831299
96107,38.475853,-119.49014
96110,41.251918,-120.12897
93257,36.055121,-119.01595
93402,35.313222,-120.83468
93423,35.428241,-120.769493
94535,38.277661,-121.9192
92026,33.181543,-117.11136
92130,32.946776,-117.21918
96029,39.861821,-122.48014
94136,37.784827,-122.727802
94586,37.593883,-121.88281
95071,37.189396,-121.705327
92103,32.746018,-117.16715
92262,33.842984,-116.54344
90713,33.847265,-118.11337
92676,33.743168,-117.63563
90306,33.786594,-118.298662
95819,38.568855,-121.44099
95653,38.678663,-121.96907
92121,32.899996,-117.20722
92392,34.489466,-117.35321
92658,33.640302,-117.769442
94258,38.377411,-121.444429
95387,37.539768,-121.24702
95920,39.44223,-121.95216
91702,34.128907,-117.90309
91770,34.066143,-118.08475
91618,33.786594,-118.298662
92105,32.741256,-117.0951
93667,36.981035,-119.38254
95296,37.889849,-121.253872
93231,36.138861,-119.894727
94998,38.117269,-122.568442
90222,33.910716,-118.23624
96112,41.90749,-120.14789
94239,38.377411,-121.444429
91352,34.224089,-118.37563
95695,38.697238,-121.80944
95463,39.173321,-123.55081
92359,34.083512,-117.09688
93033,34.166933,-119.16113
91933,33.016928,-116.846046
93920,36.133401,-121.63798
95369,37.521832,-120.46555
95469,39.383027,-123.07856
90310,33.786594,-118.298662
93649,36.841665,-119.349639
94168,37.784827,-122.727802
92153,33.016928,-116.846046
92654,33.601673,-117.716885
92859,33.640302,-117.769442
91741,34.140207,-117.85704
93450,35.964022,-120.87339
93514,37.282192,-118.38717
90291,33.992411,-118.46531
92659,33.611198,-117.886731
94099,37.381144,-122.334825
94603,37.738379,-122.17332
95039,36.812905,-121.78299
95223,38.282255,-120.28875
94039,37.189396,-121.705327
95192,37.189396,-121.705327
95106,37.189396,-121.705327
91114,33.786594,-118.298662
92691,33.611272,-117.66681
90039,34.110425,-118.25832
93448,35.347065,-120.455345
94188,37.784827,-122.727802
95441,38.710228,-122.95704
95601,38.426602,-120.8275
92061,33.311881,-116.96499
92171,33.016928,-116.846046
92866,33.785091,-117.84569
95207,38.004172,-121.3237
91720,33.752886,-116.055617
92844,33.765516,-117.9731
93267,36.141864,-119.09411
90504,33.870414,-118.33065
95962,39.355688,-121.2548
94971,38.245851,-122.90644
92107,32.7409,-117.24434
93443,35.347065,-120.455345
90640,34.014212,-118.11358
91329,33.786594,-118.298662
92147,33.016928,-116.846046
92323,35.187237,-115.39727
92078,33.122029,-117.15605
92530,33.675893,-117.34946
94016,37.381144,-122.334825
94105,37.789228,-122.3957
95641,38.161756,-121.60428
91362,34.190804,-118.83704
91729,34.839964,-115.967051
92377,34.151243,-117.39873
93422,35.474913,-120.676
95038,37.225787,-121.617894
95497,38.725628,-123.47625
90620,33.841014,-118.00969
91502,34.177606,-118.30954
95639,38.367276,-121.51487
94550,37.65778,-121.73011
93791,36.746375,-119.639658
94161,37.784827,-122.727802
92514,33.752886,-116.055617
92869,33.792687,-117.79975
95020,37.016943,-121.56581
92186,33.016928,-116.846046
91124,33.786594,-118.298662
91364,34.158214,-118.60061
93606,36.802534,-120.01902
94286,38.377411,-121.444429
90397,33.786594,-118.298662
95616,38.549256,-121.73655
93302,35.294405,-118.905173
95117,37.311042,-121.96162
91716,33.786594,-118.298662
91909,33.016928,-116.846046
92240,33.952303,-116.50804
92292,33.752886,-116.055617
95762,38.684324,-121.06879
92702,33.640302,-117.769442
92834,33.640302,-117.769442
93440,34.75465,-120.27032
95987,39.139543,-122.20563
96142,39.037696,-120.12438
90070,33.786594,-118.298662
90026,34.07851,-118.26596
90406,33.786594,-118.298662
93403,35.347065,-120.455345
94580,37.678531,-122.13199
95234,37.889849,-121.253872
92369,34.839964,-115.967051
93061,34.032383,-119.1343
91788,33.786594,-118.298662
95831,38.494971,-121.53059
95963,39.760968,-122.218
91335,34.200104,-118.54099
91763,34.07041,-117.69938
94294,38.377411,-121.444429
91041,33.786594,-118.298662
92075,32.997543,-117.26087
92122,32.856447,-117.21143
94514,37.847704,-121.60812
94712,37.680181,-121.921498
93064,34.258203,-118.710724
91303,34.198204,-118.60206
95677,38.789165,-121.23825
93825,35.717406,-118.466755
92003,33.289265,-117.20011
95915,39.912222,-120.834958
93704,36.794748,-119.80097
92027,33.142706,-117.03049
94297,38.377411,-121.444429
94720,37.866825,-122.253582
96040,40.788512,-121.47668
93546,37.621587,-118.86279
93907,36.754058,-121.66472
95247,38.146124,-120.45458
95375,38.184096,-120.021342
92697,33.640302,-117.769442
92781,33.640302,-117.769442
93066,34.287679,-119.02059
91386,33.786594,-118.298662
92150,33.016928,-116.846046
90059,33.927471,-118.24778
95036,37.456807,-121.913632
95942,40.044865,-121.59415
96052,40.743423,-122.81414
96097,41.749249,-122.64479
90089,33.786594,-118.298662
90096,33.786594,-118.298662
93502,35.068161,-118.224785
90723,33.899915,-118.16231
90888,33.786594,-118.298662
92093,33.016928,-116.846046
94946,38.050454,-122.67866
93535,34.691946,-117.97756
93592,34.839964,-115.967051
90814,33.771167,-118.14482
92304,34.548138,-115.65796
94503,38.170372,-122.25605
95309,37.807938,-120.440467
90037,34.002063,-118.28737
90706,33.888165,-118.1276
91731,34.076642,-118.03942
94940,38.180029,-122.88357
95714,39.204434,-120.83816
96085,41.734832,-123.07218
93668,36.641742,-120.28909
92092,33.016928,-116.846046
93246,36.138861,-119.894727
95565,40.459978,-124.06059
95552,40.390478,-123.41309
96039,41.82087,-123.43126
95251,38.075897,-120.46544
95386,37.645632,-120.73812
95838,38.641223,-121.4417
91610,33.786594,-118.298662
91406,34.201491,-118.49376
92382,34.205626,-117.10499
94019,37.47584,-122.44323
94204,38.377411,-121.444429
95660,38.676103,-121.37656
92036,33.02757,-116.53109
95722,39.005098,-121.01891
96027,41.414707,-122.96832
90610,33.786594,-118.298662
92059,33.369249,-117.07236
93424,35.18554,-120.72583
95116,37.34964,-121.8544
94615,37.806677,-122.30038
93013,34.402194,-119.52308
90639,33.905813,-118.018247
93256,35.957119,-119.31287
90088,33.786594,-118.298662
91350,34.481172,-118.42821
93932,35.987276,-121.04788
96015,41.425912,-120.90316
90659,33.786594,-118.298662
92817,33.640302,-117.769442
95215,37.955474,-121.19064
90260,33.888364,-118.35355
95428,39.825781,-123.23026
94585,38.231364,-122.05414
90717,33.793384,-118.31611
95370,37.995238,-120.3437
95604,39.106287,-120.536032
95670,38.605355,-121.28247
91126,33.786594,-118.298662
93780,36.746375,-119.639658
95938,39.624259,-121.79152
90078,33.786594,-118.298662
92106,32.7259,-117.23079
96009,41.119727,-121.1362
94409,37.381144,-122.334825
94565,38.017917,-121.90502
94567,38.658204,-122.40441
91411,34.178305,-118.45858
92861,33.812662,-117.81623
93205,35.576134,-118.46745
93221,36.304696,-119.11383
94581,38.509569,-122.3539
93591,34.596742,-117.84467
93625,36.6265,-119.67526
96006,41.190742,-120.90294
94291,38.377411,-121.444429
95002,37.427439,-121.97521
95118,37.257643,-121.89072
90652,33.786594,-118.298662
94021,37.271753,-122.27672
94070,37.499175,-122.26655
94912,38.068036,-122.740988
95063,36.9634,-121.973771
95326,37.59471,-120.86419
95595,40.202464,-123.46646
96103,39.779486,-120.64058
96105,39.862832,-120.17303
93539,33.786594,-118.298662
94207,38.377411,-121.444429
94528,37.838744,-121.96672
90501,33.828766,-118.31367
91942,32.785,-117.0186
92267,34.286985,-114.17251
93105,34.44005,-119.75496
96055,40.041399,-122.09793
92160,33.016928,-116.846046
92386,34.244448,-116.82962
95333,37.245423,-120.27116
91224,33.786594,-118.298662
94941,37.898058,-122.54134
95073,37.007916,-121.95072
91671,34.175205,-118.382212
93456,35.027682,-120.196818
93446,35.640589,-120.70418
93451,35.818054,-120.63645
94979,38.068036,-122.740988
92329,34.839964,-115.967051
92595,33.614385,-117.2608
90650,33.906914,-118.08339
92109,32.791246,-117.24343
92255,33.752886,-116.055617
92406,34.839964,-115.967051
94262,38.377411,-121.444429
94808,37.777208,-121.955399
95158,37.189396,-121.705327
95246,38.26127,-120.50328
91351,34.424794,-118.44513
93208,36.062748,-118.60663
90072,33.786594,-118.298662
92264,33.798669,-116.51887
94145,37.784827,-122.727802
93631,36.506063,-119.54587
91125,33.786594,-118.298662
95460,39.311858,-123.79166
95514,40.325767,-123.69266
91011,34.211171,-118.19776
91360,34.208837,-118.87348
93117,34.443746,-119.94215
94060,37.203092,-122.33718
94520,37.986321,-122.03988
95329,37.694235,-120.42421
93065,34.265003,-118.77177
95129,37.307742,-121.99976
94128,37.621964,-122.39534
95946,39.207828,-121.20021
90743,33.72975,-118.0863
92554,33.521993,-115.915905
95662,38.682803,-121.2231
92710,33.711552,-117.809881
92626,33.677224,-117.90863
95918,39.282171,-121.34733
96087,40.608728,-122.51427
95350,37.671778,-121.01249
95468,38.898385,-123.65746
90308,33.786594,-118.298662
90309,33.786594,-118.298662
92675,33.500843,-117.65866
91767,34.080143,-117.73861
93540,35.60345,-118.476436
90702,33.786594,-118.298662
95297,37.889849,-121.253872
91221,33.786594,-118.298662
95688,38.380528,-121.99192
94544,37.633732,-122.06101
92857,33.640302,-117.769442
95154,37.189396,-121.705327
94304,37.397823,-122.16605
95917,39.413477,-121.71162
90002,33.948315,-118.24845
95060,36.980556,-122.04603
91007,34.126957,-118.05216
92393,34.839964,-115.967051
93121,34.262834,-119.848555
93641,36.697311,-119.01864
95926,39.745973,-121.84259
90254,33.866314,-118.39968
94166,37.784827,-122.727802
90084,33.786594,-118.298662
95046,37.088746,-121.60048
92127,33.022384,-117.10694
95683,38.492811,-121.10036
93204,35.930766,-120.10057
91744,34.029561,-117.93975
94540,37.680181,-121.921498
94588,37.68973,-121.89244
94126,37.784827,-122.727802
94541,37.674431,-122.08883
95037,37.137595,-121.66211
94531,37.920852,-121.723919
94662,37.680181,-121.921498
95480,38.654705,-123.3999
96013,40.926289,-121.68452
91109,33.786594,-118.298662
91367,34.176238,-118.61992
95115,37.189396,-121.705327
95569,40.35983,-123.87105
93558,34.839964,-115.967051
92396,33.714421,-117.069361
93428,35.563246,-121.07736
94507,37.856683,-122.02488
92883,33.771548,-117.47884
94101,37.784827,-122.727802
94604,37.680181,-121.921498
95602,38.976837,-121.09142
95983,40.06686,-120.77442
91312,33.786594,-118.298662
92868,33.787266,-117.87494
95423,39.037173,-122.65445
96125,39.598792,-120.63432
93542,36.626033,-117.218616
95026,37.189396,-121.705327
93513,37.1363,-118.27335
92391,34.839964,-115.967051
90036,34.07036,-118.34926
91905,32.672239,-116.31497
95061,37.007399,-122.075125
94234,38.377411,-121.444429
92342,34.761696,-117.33444
93016,34.032383,-119.1343
95417,39.670239,-123.64423
91321,34.377782,-118.51489
92275,33.289347,-115.9565
93744,36.746375,-119.639658
94924,37.907675,-122.70201
93381,35.294405,-118.905173
90507,33.786594,-118.298662
94235,38.377411,-121.444429
92145,32.889139,-117.100486
93291,36.351009,-119.33655
90035,34.05266,-118.38531
91906,32.664307,-116.46513
92685,33.640302,-117.769442
93707,36.746375,-119.639658
93584,33.786594,-118.298662
93927,36.300819,-121.2904
94556,37.839426,-122.12426
92227,32.98975,-115.50475
93094,34.032383,-119.1343
93564,34.900151,-118.246691
94572,38.031271,-122.26213
95023,36.862243,-121.38006
95668,38.8323,-121.51661
93223,36.300574,-119.20552
96017,41.109487,-122.33133
92243,32.783359,-115.57746
90408,33.786594,-118.298662
90405,34.009276,-118.47286
91901,32.823102,-116.73864
92111,32.804972,-117.16871
93639,37.160622,-119.945035
93063,34.279343,-118.69607
96163,39.320012,-120.160271
93635,37.048385,-120.86983
91342,34.307877,-118.42904
90402,34.036759,-118.50121
92021,32.8201,-116.91234
94599,38.403011,-122.36228
95241,37.889849,-121.253872
91105,34.137857,-118.16329
92646,33.666269,-117.9693
95011,37.189396,-121.705327
95827,38.566506,-121.32515
92112,33.016928,-116.846046
92104,32.742892,-117.12774
92599,33.752886,-116.055617
92508,33.890313,-117.32122
92662,33.606271,-117.89243
93023,34.456957,-119.25307
93240,35.617148,-118.45299
95210,38.025086,-121.29722
93101,34.420163,-119.7065
93385,35.294405,-118.905173
93616,36.657266,-119.59309
94511,38.040395,-121.63852
96124,39.663242,-120.43806
90822,33.776094,-118.11848
94976,38.068036,-122.740988
91205,34.138514,-118.243
91388,33.786594,-118.298662
94546,37.702063,-122.07934
93242,36.43465,-119.71753
94254,38.377411,-121.444429
95249,38.192823,-120.64285
95532,41.852985,-124.15721
93759,36.746375,-119.639658
93923,36.517261,-121.89436
94618,37.843726,-122.24369
95013,37.189396,-121.705327
95673,38.688069,-121.44874
96010,40.723792,-123.34016
96069,40.705474,-122.021
93002,34.032383,-119.1343
92138,33.016928,-116.846046
92312,34.201638,-116.906215
95051,37.346241,-121.9846
91947,33.016928,-116.846046
94549,37.895695,-122.11785
95236,38.018456,-121.05675
95612,38.383366,-121.57819
95916,39.661519,-121.38193
90045,33.960041,-118.3949
90099,33.786594,-118.298662
92162,33.016928,-116.846046
92167,33.016928,-116.846046
92412,34.839964,-115.967051
93447,35.664837,-120.64542
95317,37.127525,-120.50574
90040,33.997492,-118.15284
90249,33.899265,-118.319
90631,33.934513,-117.95159
92253,33.675373,-116.29649
92282,33.941487,-116.64506
93614,37.206505,-119.7207
93712,36.746375,-119.639658
95007,37.10548,-122.1047
96154,38.87529,-120.0188
90801,33.804309,-118.200957
91040,34.261221,-118.31887
93380,35.294405,-118.905173
92163,33.016928,-116.846046
92172,33.016928,-116.846046
92276,33.821318,-116.38023
94948,38.148858,-122.573745
91401,34.176505,-118.43308
93301,35.381408,-119.01935
93720,36.865587,-119.75917
90605,33.945413,-118.03362
90712,33.851965,-118.1468
91749,33.786594,-118.298662
94031,37.381144,-122.334825
94970,37.903396,-122.65043
90031,34.07871,-118.2161
91206,34.156674,-118.22937
92661,33.601822,-117.89966
90716,33.828565,-118.07364
95269,37.889849,-121.253872
92161,32.871846,-117.229119
94152,37.784827,-122.727802
94569,38.04337,-122.18994
94666,37.680181,-121.921498
91023,33.786594,-118.298662
92251,32.853471,-115.58942
94802,37.777208,-121.955399
90665,33.786594,-118.298662
94403,37.539686,-122.30266
96158,38.898142,-119.998419
94964,37.943365,-122.49029
92028,33.380359,-117.20605
92196,33.016928,-116.846046
95171,37.189396,-121.705327
95609,38.650335,-121.327214
94942,38.068036,-122.740988
90201,33.972814,-118.17385
93386,35.294405,-118.905173
94596,37.905924,-122.05858
92135,33.016928,-116.846046
95606,38.857328,-122.21486
94247,38.377411,-121.444429
90710,33.797317,-118.30065
91103,34.166706,-118.159
94704,37.868575,-122.25855
94246,38.377411,-121.444429
90014,34.042912,-118.25193
94109,37.792778,-122.42188
92735,33.640302,-117.769442
93060,34.367474,-119.07317
91324,34.240353,-118.55038
92274,33.466287,-116.0688
95122,37.329641,-121.83359
93656,36.45185,-119.93651
94063,37.483504,-122.2144
94085,37.38894,-122.017956
92014,32.961812,-117.25967
90746,33.857416,-118.25633
92133,32.733507,-117.216451
92620,33.714889,-117.7633
92653,33.602823,-117.71295
94261,38.377411,-121.444429
94527,37.953542,-121.957778
92805,33.835665,-117.90807
93554,35.409108,-117.69966
94157,37.784827,-122.727802
94408,37.381144,-122.334825
94071,37.381144,-122.334825
91766,34.045584,-117.75305
90074,33.786594,-118.298662
90087,33.786594,-118.298662
93782,36.746375,-119.639658
94404,37.554335,-122.27032
90409,33.786594,-118.298662
93605,37.191503,-119.26372
95617,38.619545,-121.961532
95894,38.377411,-121.444429
91210,33.786594,-118.298662
91371,33.786594,-118.298662
93762,36.746375,-119.639658
94106,37.784827,-122.727802
94526,37.811676,-121.98647
95101,37.189396,-121.705327
95315,37.428227,-120.77519
93724,36.746375,-119.639658
93543,34.533321,-117.94904
94279,38.377411,-121.444429
95066,37.057575,-122.01507
96035,40.039257,-122.16555
90734,33.786594,-118.298662
93562,35.764433,-117.38202
93747,36.746375,-119.639658
94310,37.189396,-121.705327
95402,38.440061,-122.710598
91201,34.17013,-118.29158
93612,36.813456,-119.70826
94539,37.515014,-121.92916
95258,38.154118,-121.306
95410,39.216157,-123.71376
95424,38.971518,-122.66423
95928,39.720955,-121.81888
92082,33.261748,-117.01027
94523,37.951672,-122.07317
94927,38.463088,-122.989975
95412,38.717819,-123.32757
90017,34.052561,-118.26434
90295,33.786594,-118.298662
95943,39.605289,-122.03231
95701,39.217668,-120.78346
95429,39.761199,-123.33547
93722,36.801603,-119.88878
94293,38.377411,-121.444429
91006,34.134057,-118.02662
95887,38.377411,-121.444429
91912,33.016928,-116.846046
92166,33.016928,-116.846046
94111,37.798228,-122.40027
92258,33.921502,-116.56703
92363,34.808718,-114.62664
91706,34.087108,-117.96966
90053,33.786594,-118.298662
94702,37.865026,-122.2859
94115,37.786129,-122.43736
95298,37.889849,-121.253872
96127,40.446063,-120.664132
95546,41.161505,-123.72444
92067,33.016492,-117.20264
92119,32.80225,-117.02431
92187,33.016928,-116.846046
92647,33.725167,-118.00509
91413,33.786594,-118.298662
92060,33.308217,-116.8471
92630,33.640223,-117.69108
92545,33.736743,-117.0217
90276,33.845064,-118.395107
94401,37.570385,-122.32044
94506,37.804064,-121.91202
93406,35.347065,-120.455345
96080,40.183837,-122.24074
90410,33.786594,-118.298662
91118,33.786594,-118.298662
91470,33.786594,-118.298662
92814,33.640302,-117.769442
93950,36.619065,-121.92102
94086,37.378341,-122.02398
94923,38.347701,-123.05869
95035,37.436451,-121.89438
95102,37.189396,-121.705327
93545,36.589514,-118.07367
93244,36.417743,-119.00457
93530,36.495772,-117.88289
93944,36.606225,-121.908915
94269,38.377411,-121.444429
95464,39.12558,-122.84653
90062,34.003213,-118.3078
90097,33.786594,-118.298662
95613,38.79829,-120.88578
93519,35.177369,-118.035049
94619,37.790027,-122.18615
95636,38.634753,-120.53353
90211,34.066009,-118.38271
95252,38.145601,-120.85733
91020,34.211494,-118.23104
93103,34.428191,-119.68412
90508,33.786594,-118.298662
91209,33.786594,-118.298662
92049,33.016928,-116.846046
92572,33.752886,-116.055617
95313,37.413659,-121.05649
96058,41.790562,-121.94214
94595,37.879757,-122.07143
94904,37.950069,-122.54284
91719,33.735688,-117.42049
92230,33.911404,-116.76834
95675,38.545656,-120.74287
95936,39.567001,-120.8384
92581,33.752886,-116.055617
92712,33.640302,-117.769442
90060,33.786594,-118.298662
95975,39.224179,-121.14539
91750,34.117047,-117.77097
91754,34.048207,-118.14161
92198,33.016928,-116.846046
92703,33.747067,-117.90433
93586,33.786594,-118.298662
94151,37.784827,-122.727802
94914,38.068036,-122.740988
96155,38.844909,-120.042996
93623,37.463177,-119.64498
90832,33.786594,-118.298662
95842,38.687718,-121.349
94977,38.068036,-122.740988
91409,33.786594,-118.298662
92143,33.016928,-116.846046
95527,40.877334,-123.45661
94121,37.778729,-122.49265
94610,37.812377,-122.24199
95033,37.160012,-121.9881
95857,38.377411,-121.444429
91715,33.786594,-118.298662
91003,33.786594,-118.298662
95481,39.131856,-123.16221
96151,38.90392,-119.995024
93409,35.221085,-120.636399
94307,37.381144,-122.334825
94547,38.005122,-122.25784
95050,37.347791,-121.95131
94256,38.377411,-121.444429
95113,37.333941,-121.89154
95470,39.285782,-123.22064
96118,39.663256,-120.24835
91012,33.786594,-118.298662
93764,36.746375,-119.639658
90239,33.786594,-118.298662
94163,37.784827,-122.727802
94659,37.680181,-121.921498
95948,39.35217,-121.71129
91793,33.786594,-118.298662
93609,36.534599,-119.83592
94302,37.189396,-121.705327
95749,38.195804,-120.679713
94283,38.377411,-121.444429
95503,40.757091,-124.1513
95626,38.727451,-121.45433
94127,37.734964,-122.4597
92152,33.016928,-116.846046
94926,38.463088,-122.989975
95866,38.377411,-121.444429
93522,36.269728,-117.59002
94120,37.784827,-122.727802
96119,41.021344,-120.52472
91934,32.624424,-116.17025
91202,34.166567,-118.26994
93510,34.497245,-118.18951
93773,36.746375,-119.639658
92283,32.786759,-114.62591
92394,34.55965,-117.35773
92807,33.850515,-117.79113
93432,35.495242,-120.48392
94129,37.79984,-122.46167
95306,37.432168,-120.09682
90774,33.783038,-118.238683
91016,34.140806,-118.00184
95001,37.05297,-121.949418
93041,34.154072,-119.18829
95245,38.300688,-120.62632
90076,33.786594,-118.298662
92865,33.8318,-117.84739
93427,34.613014,-120.2051
95536,40.561448,-124.25781
95629,38.527556,-120.69292
90262,33.924642,-118.20186
91184,33.786594,-118.298662
91203,34.152757,-118.2658
95367,37.731272,-120.94365
95490,39.451662,-123.37285
93717,36.746375,-119.639658
95776,38.681254,-121.74189
94170,37.784827,-122.727802
95446,38.509737,-123.00084
92711,33.640302,-117.769442
90624,33.640302,-117.769442
96123,40.800556,-120.36374
91123,33.786594,-118.298662
92194,33.016928,-116.846046
94609,37.834926,-122.264
95135,37.299474,-121.75446
95558,40.272963,-124.21494
90032,34.08166,-118.17568
94551,37.680181,-121.921498
91944,33.016928,-116.846046
93560,34.88923,-118.33629
90255,33.978404,-118.21773
95607,38.706727,-122.125
92231,32.683491,-115.48277
91334,33.786594,-118.298662
93688,36.648474,-120.248818
94277,38.377411,-121.444429
95031,37.189396,-121.705327
91353,33.786594,-118.298662
92704,33.724167,-117.90623
93610,37.100417,-120.27864
95242,38.132618,-121.32282
94171,37.784827,-122.727802
95055,37.189396,-121.705327
95682,38.641158,-120.97109
95958,39.556251,-121.803777
90247,33.891265,-118.2975
90853,33.786594,-118.298662
91764,34.077327,-117.6222
92271,33.53163,-114.892368
95550,40.766645,-123.83488
91797,33.786594,-118.298662
92688,33.639994,-117.60351
94025,37.451688,-122.18385
94147,37.784827,-122.727802
91050,33.786594,-118.298662
91732,34.070659,-118.01383
91759,34.231581,-117.66106
95320,37.797806,-121.00179
95427,39.240872,-123.54765
96047,40.472993,-122.63707
91225,33.786594,-118.298662
95301,37.35115,-120.6056
90313,33.786594,-118.298662
95472,38.393314,-122.83666
91786,34.101659,-117.65776
92366,34.839964,-115.967051
93107,34.421795,-119.863722
90080,33.786594,-118.298662
92178,33.016928,-116.846046
94543,37.680181,-121.921498
94613,37.781098,-122.186573
92507,33.978965,-117.33646
91951,33.016928,-116.846046
95648,38.902873,-121.29795
92008,33.158137,-117.32646
91612,33.786594,-118.298662
94096,37.381144,-122.334825
92116,32.76235,-117.12246
93524,35.294405,-118.905173
93645,37.146284,-119.67379
91024,34.164806,-118.0509
93235,36.387879,-119.21908
93483,35.347065,-120.455345
92079,33.016928,-116.846046
92316,34.064062,-117.39432
93034,34.032383,-119.1343
95127,37.369473,-121.82077
95930,39.563522,-121.13191
